account_manager,total_revenue
,5570.840764235562
AM_A,4630233.637991445
AM_B,22986.461045094853
AM_C,9377471.155799806
AM_D,5290533.947499727
AM_E,1312471.845627653
AM_F,7047367.892958726
AM_I,25666.497936581058
AM_J,268401.9347264899
,5570.840764235562
AM_A,5568652.800971714
AM_B,752557.7512103543
AM_C,582451.1446644217
AM_D,7855944.105057621
AM_E,5225353.024898727
AM_F,5727840.066161597
AM_G,613407.7181028051
AM_H,38865.021313152174
AM_I,145780.0782417884
AM_J,1464281.6629633538
